dataset,subject_uid,bids_subject_id,Original_ID,fold,session,task,suffix,remote_key,remote_size_bytes,local_path,status,downloaded,local_size_bytes,size_match
ds003522,M87107075,sub-005,3076,0,ses-01,ThreeStimAuditoryOddball,channels.tsv,ds003522/sub-005/ses-01/eeg/sub-005_ses-01_task-ThreeStimAuditoryOddball_channels.tsv,769,data\raw\ds003522\sub-005\ses-01\eeg\sub-005_ses-01_task-ThreeStimAuditoryOddball_channels.tsv,DOWNLOADED,True,769,True
ds003522,M87107075,sub-005,3076,0,ses-01,ThreeStimAuditoryOddball,coordsystem.json,ds003522/sub-005/ses-01/eeg/sub-005_ses-01_task-ThreeStimAuditoryOddball_coordsystem.json,141,data\raw\ds003522\sub-005\ses-01\eeg\sub-005_ses-01_task-ThreeStimAuditoryOddball_coordsystem.json,DOWNLOADED,True,141,True
ds003522,M87107075,sub-005,3076,0,ses-01,ThreeStimAuditoryOddball,eeg.fdt,ds003522/sub-005/ses-01/eeg/sub-005_ses-01_task-ThreeStimAuditoryOddball_eeg.fdt,121946500,data\raw\ds003522\sub-005\ses-01\eeg\sub-005_ses-01_task-ThreeStimAuditoryOddball_eeg.fdt,DOWNLOADED,True,121946500,True
ds003522,M87107075,sub-005,3076,0,ses-01,ThreeStimAuditoryOddball,eeg.json,ds003522/sub-005/ses-01/eeg/sub-005_ses-01_task-ThreeStimAuditoryOddball_eeg.json,555,data\raw\ds003522\sub-005\ses-01\eeg\sub-005_ses-01_task-ThreeStimAuditoryOddball_eeg.json,DOWNLOADED,True,555,True
ds003522,M87107075,sub-005,3076,0,ses-01,ThreeStimAuditoryOddball,eeg.set,ds003522/sub-005/ses-01/eeg/sub-005_ses-01_task-ThreeStimAuditoryOddball_eeg.set,2406512,data\raw\ds003522\sub-005\ses-01\eeg\sub-005_ses-01_task-ThreeStimAuditoryOddball_eeg.set,DOWNLOADED,True,2406512,True
ds003522,M87107075,sub-005,3076,0,ses-01,ThreeStimAuditoryOddball,electrodes.tsv,ds003522/sub-005/ses-01/eeg/sub-005_ses-01_task-ThreeStimAuditoryOddball_electrodes.tsv,1460,data\raw\ds003522\sub-005\ses-01\eeg\sub-005_ses-01_task-ThreeStimAuditoryOddball_electrodes.tsv,DOWNLOADED,True,1460,True
ds003522,M87107075,sub-005,3076,0,ses-01,ThreeStimAuditoryOddball,events.json,ds003522/sub-005/ses-01/eeg/sub-005_ses-01_task-ThreeStimAuditoryOddball_events.json,137,data\raw\ds003522\sub-005\ses-01\eeg\sub-005_ses-01_task-ThreeStimAuditoryOddball_events.json,DOWNLOADED,True,137,True
ds003522,M87107075,sub-005,3076,0,ses-01,ThreeStimAuditoryOddball,events.tsv,ds003522/sub-005/ses-01/eeg/sub-005_ses-01_task-ThreeStimAuditoryOddball_events.tsv,27925,data\raw\ds003522\sub-005\ses-01\eeg\sub-005_ses-01_task-ThreeStimAuditoryOddball_events.tsv,DOWNLOADED,True,27925,True
ds003522,M87108749,sub-006,3034,2,ses-01,ThreeStimAuditoryOddball,channels.tsv,ds003522/sub-006/ses-01/eeg/sub-006_ses-01_task-ThreeStimAuditoryOddball_channels.tsv,769,data\raw\ds003522\sub-006\ses-01\eeg\sub-006_ses-01_task-ThreeStimAuditoryOddball_channels.tsv,DOWNLOADED,True,769,True
ds003522,M87108749,sub-006,3034,2,ses-01,ThreeStimAuditoryOddball,coordsystem.json,ds003522/sub-006/ses-01/eeg/sub-006_ses-01_task-ThreeStimAuditoryOddball_coordsystem.json,141,data\raw\ds003522\sub-006\ses-01\eeg\sub-006_ses-01_task-ThreeStimAuditoryOddball_coordsystem.json,DOWNLOADED,True,141,True
ds003522,M87108749,sub-006,3034,2,ses-01,ThreeStimAuditoryOddball,eeg.fdt,ds003522/sub-006/ses-01/eeg/sub-006_ses-01_task-ThreeStimAuditoryOddball_eeg.fdt,126100000,data\raw\ds003522\sub-006\ses-01\eeg\sub-006_ses-01_task-ThreeStimAuditoryOddball_eeg.fdt,DOWNLOADED,True,126100000,True
ds003522,M87108749,sub-006,3034,2,ses-01,ThreeStimAuditoryOddball,eeg.json,ds003522/sub-006/ses-01/eeg/sub-006_ses-01_task-ThreeStimAuditoryOddball_eeg.json,552,data\raw\ds003522\sub-006\ses-01\eeg\sub-006_ses-01_task-ThreeStimAuditoryOddball_eeg.json,DOWNLOADED,True,552,True
ds003522,M87108749,sub-006,3034,2,ses-01,ThreeStimAuditoryOddball,eeg.set,ds003522/sub-006/ses-01/eeg/sub-006_ses-01_task-ThreeStimAuditoryOddball_eeg.set,2470408,data\raw\ds003522\sub-006\ses-01\eeg\sub-006_ses-01_task-ThreeStimAuditoryOddball_eeg.set,DOWNLOADED,True,2470408,True
ds003522,M87108749,sub-006,3034,2,ses-01,ThreeStimAuditoryOddball,electrodes.tsv,ds003522/sub-006/ses-01/eeg/sub-006_ses-01_task-ThreeStimAuditoryOddball_electrodes.tsv,1460,data\raw\ds003522\sub-006\ses-01\eeg\sub-006_ses-01_task-ThreeStimAuditoryOddball_electrodes.tsv,DOWNLOADED,True,1460,True
ds003522,M87108749,sub-006,3034,2,ses-01,ThreeStimAuditoryOddball,events.json,ds003522/sub-006/ses-01/eeg/sub-006_ses-01_task-ThreeStimAuditoryOddball_events.json,137,data\raw\ds003522\sub-006\ses-01\eeg\sub-006_ses-01_task-ThreeStimAuditoryOddball_events.json,DOWNLOADED,True,137,True
ds003522,M87108749,sub-006,3034,2,ses-01,ThreeStimAuditoryOddball,events.tsv,ds003522/sub-006/ses-01/eeg/sub-006_ses-01_task-ThreeStimAuditoryOddball_events.tsv,27924,data\raw\ds003522\sub-006\ses-01\eeg\sub-006_ses-01_task-ThreeStimAuditoryOddball_events.tsv,DOWNLOADED,True,27924,True
ds003522,M87111903,sub-009,3016,0,ses-01,ThreeStimAuditoryOddball,channels.tsv,ds003522/sub-009/ses-01/eeg/sub-009_ses-01_task-ThreeStimAuditoryOddball_channels.tsv,769,data\raw\ds003522\sub-009\ses-01\eeg\sub-009_ses-01_task-ThreeStimAuditoryOddball_channels.tsv,DOWNLOADED,True,769,True
ds003522,M87111903,sub-009,3016,0,ses-01,ThreeStimAuditoryOddball,coordsystem.json,ds003522/sub-009/ses-01/eeg/sub-009_ses-01_task-ThreeStimAuditoryOddball_coordsystem.json,141,data\raw\ds003522\sub-009\ses-01\eeg\sub-009_ses-01_task-ThreeStimAuditoryOddball_coordsystem.json,DOWNLOADED,True,141,True
ds003522,M87111903,sub-009,3016,0,ses-01,ThreeStimAuditoryOddball,eeg.fdt,ds003522/sub-009/ses-01/eeg/sub-009_ses-01_task-ThreeStimAuditoryOddball_eeg.fdt,144417000,data\raw\ds003522\sub-009\ses-01\eeg\sub-009_ses-01_task-ThreeStimAuditoryOddball_eeg.fdt,DOWNLOADED,True,144417000,True
ds003522,M87111903,sub-009,3016,0,ses-01,ThreeStimAuditoryOddball,eeg.json,ds003522/sub-009/ses-01/eeg/sub-009_ses-01_task-ThreeStimAuditoryOddball_eeg.json,555,data\raw\ds003522\sub-009\ses-01\eeg\sub-009_ses-01_task-ThreeStimAuditoryOddball_eeg.json,DOWNLOADED,True,555,True
ds003522,M87111903,sub-009,3016,0,ses-01,ThreeStimAuditoryOddball,eeg.set,ds003522/sub-009/ses-01/eeg/sub-009_ses-01_task-ThreeStimAuditoryOddball_eeg.set,2752208,data\raw\ds003522\sub-009\ses-01\eeg\sub-009_ses-01_task-ThreeStimAuditoryOddball_eeg.set,DOWNLOADED,True,2752208,True
ds003522,M87111903,sub-009,3016,0,ses-01,ThreeStimAuditoryOddball,electrodes.tsv,ds003522/sub-009/ses-01/eeg/sub-009_ses-01_task-ThreeStimAuditoryOddball_electrodes.tsv,1460,data\raw\ds003522\sub-009\ses-01\eeg\sub-009_ses-01_task-ThreeStimAuditoryOddball_electrodes.tsv,DOWNLOADED,True,1460,True
ds003522,M87111903,sub-009,3016,0,ses-01,ThreeStimAuditoryOddball,events.json,ds003522/sub-009/ses-01/eeg/sub-009_ses-01_task-ThreeStimAuditoryOddball_events.json,137,data\raw\ds003522\sub-009\ses-01\eeg\sub-009_ses-01_task-ThreeStimAuditoryOddball_events.json,DOWNLOADED,True,137,True
ds003522,M87111903,sub-009,3016,0,ses-01,ThreeStimAuditoryOddball,events.tsv,ds003522/sub-009/ses-01/eeg/sub-009_ses-01_task-ThreeStimAuditoryOddball_events.tsv,27954,data\raw\ds003522\sub-009\ses-01\eeg\sub-009_ses-01_task-ThreeStimAuditoryOddball_events.tsv,DOWNLOADED,True,27954,True
ds003522,M87115595,sub-013,3054,2,ses-01,ThreeStimAuditoryOddball,channels.tsv,ds003522/sub-013/ses-01/eeg/sub-013_ses-01_task-ThreeStimAuditoryOddball_channels.tsv,769,data\raw\ds003522\sub-013\ses-01\eeg\sub-013_ses-01_task-ThreeStimAuditoryOddball_channels.tsv,DOWNLOADED,True,769,True
ds003522,M87115595,sub-013,3054,2,ses-01,ThreeStimAuditoryOddball,coordsystem.json,ds003522/sub-013/ses-01/eeg/sub-013_ses-01_task-ThreeStimAuditoryOddball_coordsystem.json,141,data\raw\ds003522\sub-013\ses-01\eeg\sub-013_ses-01_task-ThreeStimAuditoryOddball_coordsystem.json,DOWNLOADED,True,141,True
ds003522,M87115595,sub-013,3054,2,ses-01,ThreeStimAuditoryOddball,eeg.fdt,ds003522/sub-013/ses-01/eeg/sub-013_ses-01_task-ThreeStimAuditoryOddball_eeg.fdt,125359000,data\raw\ds003522\sub-013\ses-01\eeg\sub-013_ses-01_task-ThreeStimAuditoryOddball_eeg.fdt,DOWNLOADED,True,125359000,True
ds003522,M87115595,sub-013,3054,2,ses-01,ThreeStimAuditoryOddball,eeg.json,ds003522/sub-013/ses-01/eeg/sub-013_ses-01_task-ThreeStimAuditoryOddball_eeg.json,554,data\raw\ds003522\sub-013\ses-01\eeg\sub-013_ses-01_task-ThreeStimAuditoryOddball_eeg.json,DOWNLOADED,True,554,True
ds003522,M87115595,sub-013,3054,2,ses-01,ThreeStimAuditoryOddball,eeg.set,ds003522/sub-013/ses-01/eeg/sub-013_ses-01_task-ThreeStimAuditoryOddball_eeg.set,2459008,data\raw\ds003522\sub-013\ses-01\eeg\sub-013_ses-01_task-ThreeStimAuditoryOddball_eeg.set,DOWNLOADED,True,2459008,True
ds003522,M87115595,sub-013,3054,2,ses-01,ThreeStimAuditoryOddball,electrodes.tsv,ds003522/sub-013/ses-01/eeg/sub-013_ses-01_task-ThreeStimAuditoryOddball_electrodes.tsv,1460,data\raw\ds003522\sub-013\ses-01\eeg\sub-013_ses-01_task-ThreeStimAuditoryOddball_electrodes.tsv,DOWNLOADED,True,1460,True
ds003522,M87115595,sub-013,3054,2,ses-01,ThreeStimAuditoryOddball,events.json,ds003522/sub-013/ses-01/eeg/sub-013_ses-01_task-ThreeStimAuditoryOddball_events.json,137,data\raw\ds003522\sub-013\ses-01\eeg\sub-013_ses-01_task-ThreeStimAuditoryOddball_events.json,DOWNLOADED,True,137,True
ds003522,M87115595,sub-013,3054,2,ses-01,ThreeStimAuditoryOddball,events.tsv,ds003522/sub-013/ses-01/eeg/sub-013_ses-01_task-ThreeStimAuditoryOddball_events.tsv,27932,data\raw\ds003522\sub-013\ses-01\eeg\sub-013_ses-01_task-ThreeStimAuditoryOddball_events.tsv,DOWNLOADED,True,27932,True
ds003522,M87123864,sub-017,3064,4,ses-01,ThreeStimAuditoryOddball,channels.tsv,ds003522/sub-017/ses-01/eeg/sub-017_ses-01_task-ThreeStimAuditoryOddball_channels.tsv,769,data\raw\ds003522\sub-017\ses-01\eeg\sub-017_ses-01_task-ThreeStimAuditoryOddball_channels.tsv,DOWNLOADED,True,769,True
ds003522,M87123864,sub-017,3064,4,ses-01,ThreeStimAuditoryOddball,coordsystem.json,ds003522/sub-017/ses-01/eeg/sub-017_ses-01_task-ThreeStimAuditoryOddball_coordsystem.json,141,data\raw\ds003522\sub-017\ses-01\eeg\sub-017_ses-01_task-ThreeStimAuditoryOddball_coordsystem.json,DOWNLOADED,True,141,True
ds003522,M87123864,sub-017,3064,4,ses-01,ThreeStimAuditoryOddball,eeg.fdt,ds003522/sub-017/ses-01/eeg/sub-017_ses-01_task-ThreeStimAuditoryOddball_eeg.fdt,128056500,data\raw\ds003522\sub-017\ses-01\eeg\sub-017_ses-01_task-ThreeStimAuditoryOddball_eeg.fdt,DOWNLOADED,True,128056500,True
ds003522,M87123864,sub-017,3064,4,ses-01,ThreeStimAuditoryOddball,eeg.json,ds003522/sub-017/ses-01/eeg/sub-017_ses-01_task-ThreeStimAuditoryOddball_eeg.json,555,data\raw\ds003522\sub-017\ses-01\eeg\sub-017_ses-01_task-ThreeStimAuditoryOddball_eeg.json,DOWNLOADED,True,555,True
ds003522,M87123864,sub-017,3064,4,ses-01,ThreeStimAuditoryOddball,eeg.set,ds003522/sub-017/ses-01/eeg/sub-017_ses-01_task-ThreeStimAuditoryOddball_eeg.set,2500512,data\raw\ds003522\sub-017\ses-01\eeg\sub-017_ses-01_task-ThreeStimAuditoryOddball_eeg.set,DOWNLOADED,True,2500512,True
ds003522,M87123864,sub-017,3064,4,ses-01,ThreeStimAuditoryOddball,electrodes.tsv,ds003522/sub-017/ses-01/eeg/sub-017_ses-01_task-ThreeStimAuditoryOddball_electrodes.tsv,1460,data\raw\ds003522\sub-017\ses-01\eeg\sub-017_ses-01_task-ThreeStimAuditoryOddball_electrodes.tsv,DOWNLOADED,True,1460,True
ds003522,M87123864,sub-017,3064,4,ses-01,ThreeStimAuditoryOddball,events.json,ds003522/sub-017/ses-01/eeg/sub-017_ses-01_task-ThreeStimAuditoryOddball_events.json,137,data\raw\ds003522\sub-017\ses-01\eeg\sub-017_ses-01_task-ThreeStimAuditoryOddball_events.json,DOWNLOADED,True,137,True
ds003522,M87123864,sub-017,3064,4,ses-01,ThreeStimAuditoryOddball,events.tsv,ds003522/sub-017/ses-01/eeg/sub-017_ses-01_task-ThreeStimAuditoryOddball_events.tsv,27936,data\raw\ds003522\sub-017\ses-01\eeg\sub-017_ses-01_task-ThreeStimAuditoryOddball_events.tsv,DOWNLOADED,True,27936,True
ds003522,M87127979,sub-020,3092,3,ses-01,ThreeStimAuditoryOddball,channels.tsv,ds003522/sub-020/ses-01/eeg/sub-020_ses-01_task-ThreeStimAuditoryOddball_channels.tsv,769,data\raw\ds003522\sub-020\ses-01\eeg\sub-020_ses-01_task-ThreeStimAuditoryOddball_channels.tsv,DOWNLOADED,True,769,True
ds003522,M87127979,sub-020,3092,3,ses-01,ThreeStimAuditoryOddball,coordsystem.json,ds003522/sub-020/ses-01/eeg/sub-020_ses-01_task-ThreeStimAuditoryOddball_coordsystem.json,141,data\raw\ds003522\sub-020\ses-01\eeg\sub-020_ses-01_task-ThreeStimAuditoryOddball_coordsystem.json,DOWNLOADED,True,141,True
ds003522,M87127979,sub-020,3092,3,ses-01,ThreeStimAuditoryOddball,eeg.fdt,ds003522/sub-020/ses-01/eeg/sub-020_ses-01_task-ThreeStimAuditoryOddball_eeg.fdt,119665000,data\raw\ds003522\sub-020\ses-01\eeg\sub-020_ses-01_task-ThreeStimAuditoryOddball_eeg.fdt,DOWNLOADED,True,119665000,True
ds003522,M87127979,sub-020,3092,3,ses-01,ThreeStimAuditoryOddball,eeg.json,ds003522/sub-020/ses-01/eeg/sub-020_ses-01_task-ThreeStimAuditoryOddball_eeg.json,554,data\raw\ds003522\sub-020\ses-01\eeg\sub-020_ses-01_task-ThreeStimAuditoryOddball_eeg.json,DOWNLOADED,True,554,True
ds003522,M87127979,sub-020,3092,3,ses-01,ThreeStimAuditoryOddball,eeg.set,ds003522/sub-020/ses-01/eeg/sub-020_ses-01_task-ThreeStimAuditoryOddball_eeg.set,2371408,data\raw\ds003522\sub-020\ses-01\eeg\sub-020_ses-01_task-ThreeStimAuditoryOddball_eeg.set,DOWNLOADED,True,2371408,True
ds003522,M87127979,sub-020,3092,3,ses-01,ThreeStimAuditoryOddball,electrodes.tsv,ds003522/sub-020/ses-01/eeg/sub-020_ses-01_task-ThreeStimAuditoryOddball_electrodes.tsv,1460,data\raw\ds003522\sub-020\ses-01\eeg\sub-020_ses-01_task-ThreeStimAuditoryOddball_electrodes.tsv,DOWNLOADED,True,1460,True
ds003522,M87127979,sub-020,3092,3,ses-01,ThreeStimAuditoryOddball,events.json,ds003522/sub-020/ses-01/eeg/sub-020_ses-01_task-ThreeStimAuditoryOddball_events.json,137,data\raw\ds003522\sub-020\ses-01\eeg\sub-020_ses-01_task-ThreeStimAuditoryOddball_events.json,DOWNLOADED,True,137,True
ds003522,M87127979,sub-020,3092,3,ses-01,ThreeStimAuditoryOddball,events.tsv,ds003522/sub-020/ses-01/eeg/sub-020_ses-01_task-ThreeStimAuditoryOddball_events.tsv,27909,data\raw\ds003522\sub-020\ses-01\eeg\sub-020_ses-01_task-ThreeStimAuditoryOddball_events.tsv,DOWNLOADED,True,27909,True
ds003522,M87130454,sub-021,3032,0,ses-01,ThreeStimAuditoryOddball,channels.tsv,ds003522/sub-021/ses-01/eeg/sub-021_ses-01_task-ThreeStimAuditoryOddball_channels.tsv,769,data\raw\ds003522\sub-021\ses-01\eeg\sub-021_ses-01_task-ThreeStimAuditoryOddball_channels.tsv,DOWNLOADED,True,769,True
ds003522,M87130454,sub-021,3032,0,ses-01,ThreeStimAuditoryOddball,coordsystem.json,ds003522/sub-021/ses-01/eeg/sub-021_ses-01_task-ThreeStimAuditoryOddball_coordsystem.json,141,data\raw\ds003522\sub-021\ses-01\eeg\sub-021_ses-01_task-ThreeStimAuditoryOddball_coordsystem.json,DOWNLOADED,True,141,True
ds003522,M87130454,sub-021,3032,0,ses-01,ThreeStimAuditoryOddball,eeg.fdt,ds003522/sub-021/ses-01/eeg/sub-021_ses-01_task-ThreeStimAuditoryOddball_eeg.fdt,124611500,data\raw\ds003522\sub-021\ses-01\eeg\sub-021_ses-01_task-ThreeStimAuditoryOddball_eeg.fdt,DOWNLOADED,True,124611500,True
ds003522,M87130454,sub-021,3032,0,ses-01,ThreeStimAuditoryOddball,eeg.json,ds003522/sub-021/ses-01/eeg/sub-021_ses-01_task-ThreeStimAuditoryOddball_eeg.json,555,data\raw\ds003522\sub-021\ses-01\eeg\sub-021_ses-01_task-ThreeStimAuditoryOddball_eeg.json,DOWNLOADED,True,555,True
ds003522,M87130454,sub-021,3032,0,ses-01,ThreeStimAuditoryOddball,eeg.set,ds003522/sub-021/ses-01/eeg/sub-021_ses-01_task-ThreeStimAuditoryOddball_eeg.set,2447512,data\raw\ds003522\sub-021\ses-01\eeg\sub-021_ses-01_task-ThreeStimAuditoryOddball_eeg.set,DOWNLOADED,True,2447512,True
ds003522,M87130454,sub-021,3032,0,ses-01,ThreeStimAuditoryOddball,electrodes.tsv,ds003522/sub-021/ses-01/eeg/sub-021_ses-01_task-ThreeStimAuditoryOddball_electrodes.tsv,1460,data\raw\ds003522\sub-021\ses-01\eeg\sub-021_ses-01_task-ThreeStimAuditoryOddball_electrodes.tsv,DOWNLOADED,True,1460,True
ds003522,M87130454,sub-021,3032,0,ses-01,ThreeStimAuditoryOddball,events.json,ds003522/sub-021/ses-01/eeg/sub-021_ses-01_task-ThreeStimAuditoryOddball_events.json,137,data\raw\ds003522\sub-021\ses-01\eeg\sub-021_ses-01_task-ThreeStimAuditoryOddball_events.json,DOWNLOADED,True,137,True
ds003522,M87130454,sub-021,3032,0,ses-01,ThreeStimAuditoryOddball,events.tsv,ds003522/sub-021/ses-01/eeg/sub-021_ses-01_task-ThreeStimAuditoryOddball_events.tsv,27906,data\raw\ds003522\sub-021\ses-01\eeg\sub-021_ses-01_task-ThreeStimAuditoryOddball_events.tsv,DOWNLOADED,True,27906,True
ds003522,M87139163,sub-029,3050,2,ses-01,ThreeStimAuditoryOddball,channels.tsv,ds003522/sub-029/ses-01/eeg/sub-029_ses-01_task-ThreeStimAuditoryOddball_channels.tsv,769,data\raw\ds003522\sub-029\ses-01\eeg\sub-029_ses-01_task-ThreeStimAuditoryOddball_channels.tsv,DOWNLOADED,True,769,True
ds003522,M87139163,sub-029,3050,2,ses-01,ThreeStimAuditoryOddball,coordsystem.json,ds003522/sub-029/ses-01/eeg/sub-029_ses-01_task-ThreeStimAuditoryOddball_coordsystem.json,141,data\raw\ds003522\sub-029\ses-01\eeg\sub-029_ses-01_task-ThreeStimAuditoryOddball_coordsystem.json,DOWNLOADED,True,141,True
ds003522,M87139163,sub-029,3050,2,ses-01,ThreeStimAuditoryOddball,eeg.fdt,ds003522/sub-029/ses-01/eeg/sub-029_ses-01_task-ThreeStimAuditoryOddball_eeg.fdt,124046000,data\raw\ds003522\sub-029\ses-01\eeg\sub-029_ses-01_task-ThreeStimAuditoryOddball_eeg.fdt,DOWNLOADED,True,124046000,True
ds003522,M87139163,sub-029,3050,2,ses-01,ThreeStimAuditoryOddball,eeg.json,ds003522/sub-029/ses-01/eeg/sub-029_ses-01_task-ThreeStimAuditoryOddball_eeg.json,554,data\raw\ds003522\sub-029\ses-01\eeg\sub-029_ses-01_task-ThreeStimAuditoryOddball_eeg.json,DOWNLOADED,True,554,True
ds003522,M87139163,sub-029,3050,2,ses-01,ThreeStimAuditoryOddball,eeg.set,ds003522/sub-029/ses-01/eeg/sub-029_ses-01_task-ThreeStimAuditoryOddball_eeg.set,2438808,data\raw\ds003522\sub-029\ses-01\eeg\sub-029_ses-01_task-ThreeStimAuditoryOddball_eeg.set,DOWNLOADED,True,2438808,True
ds003522,M87139163,sub-029,3050,2,ses-01,ThreeStimAuditoryOddball,electrodes.tsv,ds003522/sub-029/ses-01/eeg/sub-029_ses-01_task-ThreeStimAuditoryOddball_electrodes.tsv,1460,data\raw\ds003522\sub-029\ses-01\eeg\sub-029_ses-01_task-ThreeStimAuditoryOddball_electrodes.tsv,DOWNLOADED,True,1460,True
ds003522,M87139163,sub-029,3050,2,ses-01,ThreeStimAuditoryOddball,events.json,ds003522/sub-029/ses-01/eeg/sub-029_ses-01_task-ThreeStimAuditoryOddball_events.json,137,data\raw\ds003522\sub-029\ses-01\eeg\sub-029_ses-01_task-ThreeStimAuditoryOddball_events.json,DOWNLOADED,True,137,True
ds003522,M87139163,sub-029,3050,2,ses-01,ThreeStimAuditoryOddball,events.tsv,ds003522/sub-029/ses-01/eeg/sub-029_ses-01_task-ThreeStimAuditoryOddball_events.tsv,27894,data\raw\ds003522\sub-029\ses-01\eeg\sub-029_ses-01_task-ThreeStimAuditoryOddball_events.tsv,DOWNLOADED,True,27894,True
ds003522,M87139716,sub-030,3086,0,ses-01,ThreeStimAuditoryOddball,channels.tsv,ds003522/sub-030/ses-01/eeg/sub-030_ses-01_task-ThreeStimAuditoryOddball_channels.tsv,769,data\raw\ds003522\sub-030\ses-01\eeg\sub-030_ses-01_task-ThreeStimAuditoryOddball_channels.tsv,DOWNLOADED,True,769,True
ds003522,M87139716,sub-030,3086,0,ses-01,ThreeStimAuditoryOddball,coordsystem.json,ds003522/sub-030/ses-01/eeg/sub-030_ses-01_task-ThreeStimAuditoryOddball_coordsystem.json,141,data\raw\ds003522\sub-030\ses-01\eeg\sub-030_ses-01_task-ThreeStimAuditoryOddball_coordsystem.json,DOWNLOADED,True,141,True
ds003522,M87139716,sub-030,3086,0,ses-01,ThreeStimAuditoryOddball,eeg.fdt,ds003522/sub-030/ses-01/eeg/sub-030_ses-01_task-ThreeStimAuditoryOddball_eeg.fdt,125658000,data\raw\ds003522\sub-030\ses-01\eeg\sub-030_ses-01_task-ThreeStimAuditoryOddball_eeg.fdt,DOWNLOADED,True,125658000,True
ds003522,M87139716,sub-030,3086,0,ses-01,ThreeStimAuditoryOddball,eeg.json,ds003522/sub-030/ses-01/eeg/sub-030_ses-01_task-ThreeStimAuditoryOddball_eeg.json,554,data\raw\ds003522\sub-030\ses-01\eeg\sub-030_ses-01_task-ThreeStimAuditoryOddball_eeg.json,DOWNLOADED,True,554,True
ds003522,M87139716,sub-030,3086,0,ses-01,ThreeStimAuditoryOddball,eeg.set,ds003522/sub-030/ses-01/eeg/sub-030_ses-01_task-ThreeStimAuditoryOddball_eeg.set,2463608,data\raw\ds003522\sub-030\ses-01\eeg\sub-030_ses-01_task-ThreeStimAuditoryOddball_eeg.set,DOWNLOADED,True,2463608,True
ds003522,M87139716,sub-030,3086,0,ses-01,ThreeStimAuditoryOddball,electrodes.tsv,ds003522/sub-030/ses-01/eeg/sub-030_ses-01_task-ThreeStimAuditoryOddball_electrodes.tsv,1460,data\raw\ds003522\sub-030\ses-01\eeg\sub-030_ses-01_task-ThreeStimAuditoryOddball_electrodes.tsv,DOWNLOADED,True,1460,True
ds003522,M87139716,sub-030,3086,0,ses-01,ThreeStimAuditoryOddball,events.json,ds003522/sub-030/ses-01/eeg/sub-030_ses-01_task-ThreeStimAuditoryOddball_events.json,137,data\raw\ds003522\sub-030\ses-01\eeg\sub-030_ses-01_task-ThreeStimAuditoryOddball_events.json,DOWNLOADED,True,137,True
ds003522,M87139716,sub-030,3086,0,ses-01,ThreeStimAuditoryOddball,events.tsv,ds003522/sub-030/ses-01/eeg/sub-030_ses-01_task-ThreeStimAuditoryOddball_events.tsv,27929,data\raw\ds003522\sub-030\ses-01\eeg\sub-030_ses-01_task-ThreeStimAuditoryOddball_events.tsv,DOWNLOADED,True,27929,True
ds003522,M87152863,sub-036,3078,4,ses-01,ThreeStimAuditoryOddball,channels.tsv,ds003522/sub-036/ses-01/eeg/sub-036_ses-01_task-ThreeStimAuditoryOddball_channels.tsv,769,data\raw\ds003522\sub-036\ses-01\eeg\sub-036_ses-01_task-ThreeStimAuditoryOddball_channels.tsv,DOWNLOADED,True,769,True
ds003522,M87152863,sub-036,3078,4,ses-01,ThreeStimAuditoryOddball,coordsystem.json,ds003522/sub-036/ses-01/eeg/sub-036_ses-01_task-ThreeStimAuditoryOddball_coordsystem.json,141,data\raw\ds003522\sub-036\ses-01\eeg\sub-036_ses-01_task-ThreeStimAuditoryOddball_coordsystem.json,DOWNLOADED,True,141,True
ds003522,M87152863,sub-036,3078,4,ses-01,ThreeStimAuditoryOddball,eeg.fdt,ds003522/sub-036/ses-01/eeg/sub-036_ses-01_task-ThreeStimAuditoryOddball_eeg.fdt,122752500,data\raw\ds003522\sub-036\ses-01\eeg\sub-036_ses-01_task-ThreeStimAuditoryOddball_eeg.fdt,DOWNLOADED,True,122752500,True
ds003522,M87152863,sub-036,3078,4,ses-01,ThreeStimAuditoryOddball,eeg.json,ds003522/sub-036/ses-01/eeg/sub-036_ses-01_task-ThreeStimAuditoryOddball_eeg.json,555,data\raw\ds003522\sub-036\ses-01\eeg\sub-036_ses-01_task-ThreeStimAuditoryOddball_eeg.json,DOWNLOADED,True,555,True
ds003522,M87152863,sub-036,3078,4,ses-01,ThreeStimAuditoryOddball,eeg.set,ds003522/sub-036/ses-01/eeg/sub-036_ses-01_task-ThreeStimAuditoryOddball_eeg.set,2418912,data\raw\ds003522\sub-036\ses-01\eeg\sub-036_ses-01_task-ThreeStimAuditoryOddball_eeg.set,DOWNLOADED,True,2418912,True
ds003522,M87152863,sub-036,3078,4,ses-01,ThreeStimAuditoryOddball,electrodes.tsv,ds003522/sub-036/ses-01/eeg/sub-036_ses-01_task-ThreeStimAuditoryOddball_electrodes.tsv,1460,data\raw\ds003522\sub-036\ses-01\eeg\sub-036_ses-01_task-ThreeStimAuditoryOddball_electrodes.tsv,DOWNLOADED,True,1460,True
ds003522,M87152863,sub-036,3078,4,ses-01,ThreeStimAuditoryOddball,events.json,ds003522/sub-036/ses-01/eeg/sub-036_ses-01_task-ThreeStimAuditoryOddball_events.json,137,data\raw\ds003522\sub-036\ses-01\eeg\sub-036_ses-01_task-ThreeStimAuditoryOddball_events.json,DOWNLOADED,True,137,True
ds003522,M87152863,sub-036,3078,4,ses-01,ThreeStimAuditoryOddball,events.tsv,ds003522/sub-036/ses-01/eeg/sub-036_ses-01_task-ThreeStimAuditoryOddball_events.tsv,27915,data\raw\ds003522\sub-036\ses-01\eeg\sub-036_ses-01_task-ThreeStimAuditoryOddball_events.tsv,DOWNLOADED,True,27915,True
ds003522,M87153943,sub-037,3052,1,ses-01,ThreeStimAuditoryOddball,channels.tsv,ds003522/sub-037/ses-01/eeg/sub-037_ses-01_task-ThreeStimAuditoryOddball_channels.tsv,769,data\raw\ds003522\sub-037\ses-01\eeg\sub-037_ses-01_task-ThreeStimAuditoryOddball_channels.tsv,DOWNLOADED,True,769,True
ds003522,M87153943,sub-037,3052,1,ses-01,ThreeStimAuditoryOddball,coordsystem.json,ds003522/sub-037/ses-01/eeg/sub-037_ses-01_task-ThreeStimAuditoryOddball_coordsystem.json,141,data\raw\ds003522\sub-037\ses-01\eeg\sub-037_ses-01_task-ThreeStimAuditoryOddball_coordsystem.json,DOWNLOADED,True,141,True
ds003522,M87153943,sub-037,3052,1,ses-01,ThreeStimAuditoryOddball,eeg.fdt,ds003522/sub-037/ses-01/eeg/sub-037_ses-01_task-ThreeStimAuditoryOddball_eeg.fdt,121134000,data\raw\ds003522\sub-037\ses-01\eeg\sub-037_ses-01_task-ThreeStimAuditoryOddball_eeg.fdt,DOWNLOADED,True,121134000,True
ds003522,M87153943,sub-037,3052,1,ses-01,ThreeStimAuditoryOddball,eeg.json,ds003522/sub-037/ses-01/eeg/sub-037_ses-01_task-ThreeStimAuditoryOddball_eeg.json,554,data\raw\ds003522\sub-037\ses-01\eeg\sub-037_ses-01_task-ThreeStimAuditoryOddball_eeg.json,DOWNLOADED,True,554,True
ds003522,M87153943,sub-037,3052,1,ses-01,ThreeStimAuditoryOddball,eeg.set,ds003522/sub-037/ses-01/eeg/sub-037_ses-01_task-ThreeStimAuditoryOddball_eeg.set,2394008,data\raw\ds003522\sub-037\ses-01\eeg\sub-037_ses-01_task-ThreeStimAuditoryOddball_eeg.set,DOWNLOADED,True,2394008,True
ds003522,M87153943,sub-037,3052,1,ses-01,ThreeStimAuditoryOddball,electrodes.tsv,ds003522/sub-037/ses-01/eeg/sub-037_ses-01_task-ThreeStimAuditoryOddball_electrodes.tsv,1460,data\raw\ds003522\sub-037\ses-01\eeg\sub-037_ses-01_task-ThreeStimAuditoryOddball_electrodes.tsv,DOWNLOADED,True,1460,True
ds003522,M87153943,sub-037,3052,1,ses-01,ThreeStimAuditoryOddball,events.json,ds003522/sub-037/ses-01/eeg/sub-037_ses-01_task-ThreeStimAuditoryOddball_events.json,137,data\raw\ds003522\sub-037\ses-01\eeg\sub-037_ses-01_task-ThreeStimAuditoryOddball_events.json,DOWNLOADED,True,137,True
ds003522,M87153943,sub-037,3052,1,ses-01,ThreeStimAuditoryOddball,events.tsv,ds003522/sub-037/ses-01/eeg/sub-037_ses-01_task-ThreeStimAuditoryOddball_events.tsv,27909,data\raw\ds003522\sub-037\ses-01\eeg\sub-037_ses-01_task-ThreeStimAuditoryOddball_events.tsv,DOWNLOADED,True,27909,True
ds003522,M87156521,sub-039,3012,2,ses-01,ThreeStimAuditoryOddball,channels.tsv,ds003522/sub-039/ses-01/eeg/sub-039_ses-01_task-ThreeStimAuditoryOddball_channels.tsv,769,data\raw\ds003522\sub-039\ses-01\eeg\sub-039_ses-01_task-ThreeStimAuditoryOddball_channels.tsv,DOWNLOADED,True,769,True
ds003522,M87156521,sub-039,3012,2,ses-01,ThreeStimAuditoryOddball,coordsystem.json,ds003522/sub-039/ses-01/eeg/sub-039_ses-01_task-ThreeStimAuditoryOddball_coordsystem.json,141,data\raw\ds003522\sub-039\ses-01\eeg\sub-039_ses-01_task-ThreeStimAuditoryOddball_coordsystem.json,DOWNLOADED,True,141,True
ds003522,M87156521,sub-039,3012,2,ses-01,ThreeStimAuditoryOddball,eeg.fdt,ds003522/sub-039/ses-01/eeg/sub-039_ses-01_task-ThreeStimAuditoryOddball_eeg.fdt,138911500,data\raw\ds003522\sub-039\ses-01\eeg\sub-039_ses-01_task-ThreeStimAuditoryOddball_eeg.fdt,DOWNLOADED,True,138911500,True
ds003522,M87156521,sub-039,3012,2,ses-01,ThreeStimAuditoryOddball,eeg.json,ds003522/sub-039/ses-01/eeg/sub-039_ses-01_task-ThreeStimAuditoryOddball_eeg.json,556,data\raw\ds003522\sub-039\ses-01\eeg\sub-039_ses-01_task-ThreeStimAuditoryOddball_eeg.json,DOWNLOADED,True,556,True
ds003522,M87156521,sub-039,3012,2,ses-01,ThreeStimAuditoryOddball,eeg.set,ds003522/sub-039/ses-01/eeg/sub-039_ses-01_task-ThreeStimAuditoryOddball_eeg.set,2667512,data\raw\ds003522\sub-039\ses-01\eeg\sub-039_ses-01_task-ThreeStimAuditoryOddball_eeg.set,DOWNLOADED,True,2667512,True
ds003522,M87156521,sub-039,3012,2,ses-01,ThreeStimAuditoryOddball,electrodes.tsv,ds003522/sub-039/ses-01/eeg/sub-039_ses-01_task-ThreeStimAuditoryOddball_electrodes.tsv,1460,data\raw\ds003522\sub-039\ses-01\eeg\sub-039_ses-01_task-ThreeStimAuditoryOddball_electrodes.tsv,DOWNLOADED,True,1460,True
ds003522,M87156521,sub-039,3012,2,ses-01,ThreeStimAuditoryOddball,events.json,ds003522/sub-039/ses-01/eeg/sub-039_ses-01_task-ThreeStimAuditoryOddball_events.json,137,data\raw\ds003522\sub-039\ses-01\eeg\sub-039_ses-01_task-ThreeStimAuditoryOddball_events.json,DOWNLOADED,True,137,True
ds003522,M87156521,sub-039,3012,2,ses-01,ThreeStimAuditoryOddball,events.tsv,ds003522/sub-039/ses-01/eeg/sub-039_ses-01_task-ThreeStimAuditoryOddball_events.tsv,27936,data\raw\ds003522\sub-039\ses-01\eeg\sub-039_ses-01_task-ThreeStimAuditoryOddball_events.tsv,DOWNLOADED,True,27936,True
ds003522,M87164104,sub-040,3002,3,ses-01,ThreeStimAuditoryOddball,channels.tsv,ds003522/sub-040/ses-01/eeg/sub-040_ses-01_task-ThreeStimAuditoryOddball_channels.tsv,769,data\raw\ds003522\sub-040\ses-01\eeg\sub-040_ses-01_task-ThreeStimAuditoryOddball_channels.tsv,DOWNLOADED,True,769,True
ds003522,M87164104,sub-040,3002,3,ses-01,ThreeStimAuditoryOddball,coordsystem.json,ds003522/sub-040/ses-01/eeg/sub-040_ses-01_task-ThreeStimAuditoryOddball_coordsystem.json,141,data\raw\ds003522\sub-040\ses-01\eeg\sub-040_ses-01_task-ThreeStimAuditoryOddball_coordsystem.json,DOWNLOADED,True,141,True
ds003522,M87164104,sub-040,3002,3,ses-01,ThreeStimAuditoryOddball,eeg.fdt,ds003522/sub-040/ses-01/eeg/sub-040_ses-01_task-ThreeStimAuditoryOddball_eeg.fdt,176130500,data\raw\ds003522\sub-040\ses-01\eeg\sub-040_ses-01_task-ThreeStimAuditoryOddball_eeg.fdt,DOWNLOADED,True,176130500,True
ds003522,M87164104,sub-040,3002,3,ses-01,ThreeStimAuditoryOddball,eeg.json,ds003522/sub-040/ses-01/eeg/sub-040_ses-01_task-ThreeStimAuditoryOddball_eeg.json,556,data\raw\ds003522\sub-040\ses-01\eeg\sub-040_ses-01_task-ThreeStimAuditoryOddball_eeg.json,DOWNLOADED,True,556,True
ds003522,M87164104,sub-040,3002,3,ses-01,ThreeStimAuditoryOddball,eeg.set,ds003522/sub-040/ses-01/eeg/sub-040_ses-01_task-ThreeStimAuditoryOddball_eeg.set,3500112,data\raw\ds003522\sub-040\ses-01\eeg\sub-040_ses-01_task-ThreeStimAuditoryOddball_eeg.set,DOWNLOADED,True,3500112,True
ds003522,M87164104,sub-040,3002,3,ses-01,ThreeStimAuditoryOddball,electrodes.tsv,ds003522/sub-040/ses-01/eeg/sub-040_ses-01_task-ThreeStimAuditoryOddball_electrodes.tsv,1460,data\raw\ds003522\sub-040\ses-01\eeg\sub-040_ses-01_task-ThreeStimAuditoryOddball_electrodes.tsv,DOWNLOADED,True,1460,True
ds003522,M87164104,sub-040,3002,3,ses-01,ThreeStimAuditoryOddball,events.json,ds003522/sub-040/ses-01/eeg/sub-040_ses-01_task-ThreeStimAuditoryOddball_events.json,137,data\raw\ds003522\sub-040\ses-01\eeg\sub-040_ses-01_task-ThreeStimAuditoryOddball_events.json,DOWNLOADED,True,137,True
ds003522,M87164104,sub-040,3002,3,ses-01,ThreeStimAuditoryOddball,events.tsv,ds003522/sub-040/ses-01/eeg/sub-040_ses-01_task-ThreeStimAuditoryOddball_events.tsv,37818,data\raw\ds003522\sub-040\ses-01\eeg\sub-040_ses-01_task-ThreeStimAuditoryOddball_events.tsv,DOWNLOADED,True,37818,True
ds003522,M87166363,sub-045,3010,1,ses-01,ThreeStimAuditoryOddball,channels.tsv,ds003522/sub-045/ses-01/eeg/sub-045_ses-01_task-ThreeStimAuditoryOddball_channels.tsv,769,data\raw\ds003522\sub-045\ses-01\eeg\sub-045_ses-01_task-ThreeStimAuditoryOddball_channels.tsv,DOWNLOADED,True,769,True
ds003522,M87166363,sub-045,3010,1,ses-01,ThreeStimAuditoryOddball,coordsystem.json,ds003522/sub-045/ses-01/eeg/sub-045_ses-01_task-ThreeStimAuditoryOddball_coordsystem.json,141,data\raw\ds003522\sub-045\ses-01\eeg\sub-045_ses-01_task-ThreeStimAuditoryOddball_coordsystem.json,DOWNLOADED,True,141,True
ds003522,M87166363,sub-045,3010,1,ses-01,ThreeStimAuditoryOddball,eeg.fdt,ds003522/sub-045/ses-01/eeg/sub-045_ses-01_task-ThreeStimAuditoryOddball_eeg.fdt,169630500,data\raw\ds003522\sub-045\ses-01\eeg\sub-045_ses-01_task-ThreeStimAuditoryOddball_eeg.fdt,DOWNLOADED,True,169630500,True
ds003522,M87166363,sub-045,3010,1,ses-01,ThreeStimAuditoryOddball,eeg.json,ds003522/sub-045/ses-01/eeg/sub-045_ses-01_task-ThreeStimAuditoryOddball_eeg.json,556,data\raw\ds003522\sub-045\ses-01\eeg\sub-045_ses-01_task-ThreeStimAuditoryOddball_eeg.json,DOWNLOADED,True,556,True
ds003522,M87166363,sub-045,3010,1,ses-01,ThreeStimAuditoryOddball,eeg.set,ds003522/sub-045/ses-01/eeg/sub-045_ses-01_task-ThreeStimAuditoryOddball_eeg.set,3140112,data\raw\ds003522\sub-045\ses-01\eeg\sub-045_ses-01_task-ThreeStimAuditoryOddball_eeg.set,DOWNLOADED,True,3140112,True
ds003522,M87166363,sub-045,3010,1,ses-01,ThreeStimAuditoryOddball,electrodes.tsv,ds003522/sub-045/ses-01/eeg/sub-045_ses-01_task-ThreeStimAuditoryOddball_electrodes.tsv,1460,data\raw\ds003522\sub-045\ses-01\eeg\sub-045_ses-01_task-ThreeStimAuditoryOddball_electrodes.tsv,DOWNLOADED,True,1460,True
ds003522,M87166363,sub-045,3010,1,ses-01,ThreeStimAuditoryOddball,events.json,ds003522/sub-045/ses-01/eeg/sub-045_ses-01_task-ThreeStimAuditoryOddball_events.json,137,data\raw\ds003522\sub-045\ses-01\eeg\sub-045_ses-01_task-ThreeStimAuditoryOddball_events.json,DOWNLOADED,True,137,True
ds003522,M87166363,sub-045,3010,1,ses-01,ThreeStimAuditoryOddball,events.tsv,ds003522/sub-045/ses-01/eeg/sub-045_ses-01_task-ThreeStimAuditoryOddball_events.tsv,28109,data\raw\ds003522\sub-045\ses-01\eeg\sub-045_ses-01_task-ThreeStimAuditoryOddball_events.tsv,DOWNLOADED,True,28109,True
ds003522,M87167934,sub-047,3088,3,ses-01,ThreeStimAuditoryOddball,channels.tsv,ds003522/sub-047/ses-01/eeg/sub-047_ses-01_task-ThreeStimAuditoryOddball_channels.tsv,769,data\raw\ds003522\sub-047\ses-01\eeg\sub-047_ses-01_task-ThreeStimAuditoryOddball_channels.tsv,DOWNLOADED,True,769,True
ds003522,M87167934,sub-047,3088,3,ses-01,ThreeStimAuditoryOddball,coordsystem.json,ds003522/sub-047/ses-01/eeg/sub-047_ses-01_task-ThreeStimAuditoryOddball_coordsystem.json,141,data\raw\ds003522\sub-047\ses-01\eeg\sub-047_ses-01_task-ThreeStimAuditoryOddball_coordsystem.json,DOWNLOADED,True,141,True
ds003522,M87167934,sub-047,3088,3,ses-01,ThreeStimAuditoryOddball,eeg.fdt,ds003522/sub-047/ses-01/eeg/sub-047_ses-01_task-ThreeStimAuditoryOddball_eeg.fdt,132847000,data\raw\ds003522\sub-047\ses-01\eeg\sub-047_ses-01_task-ThreeStimAuditoryOddball_eeg.fdt,DOWNLOADED,True,132847000,True
ds003522,M87167934,sub-047,3088,3,ses-01,ThreeStimAuditoryOddball,eeg.json,ds003522/sub-047/ses-01/eeg/sub-047_ses-01_task-ThreeStimAuditoryOddball_eeg.json,555,data\raw\ds003522\sub-047\ses-01\eeg\sub-047_ses-01_task-ThreeStimAuditoryOddball_eeg.json,DOWNLOADED,True,555,True
ds003522,M87167934,sub-047,3088,3,ses-01,ThreeStimAuditoryOddball,eeg.set,ds003522/sub-047/ses-01/eeg/sub-047_ses-01_task-ThreeStimAuditoryOddball_eeg.set,2574208,data\raw\ds003522\sub-047\ses-01\eeg\sub-047_ses-01_task-ThreeStimAuditoryOddball_eeg.set,DOWNLOADED,True,2574208,True
ds003522,M87167934,sub-047,3088,3,ses-01,ThreeStimAuditoryOddball,electrodes.tsv,ds003522/sub-047/ses-01/eeg/sub-047_ses-01_task-ThreeStimAuditoryOddball_electrodes.tsv,1460,data\raw\ds003522\sub-047\ses-01\eeg\sub-047_ses-01_task-ThreeStimAuditoryOddball_electrodes.tsv,DOWNLOADED,True,1460,True
ds003522,M87167934,sub-047,3088,3,ses-01,ThreeStimAuditoryOddball,events.json,ds003522/sub-047/ses-01/eeg/sub-047_ses-01_task-ThreeStimAuditoryOddball_events.json,137,data\raw\ds003522\sub-047\ses-01\eeg\sub-047_ses-01_task-ThreeStimAuditoryOddball_events.json,DOWNLOADED,True,137,True
ds003522,M87167934,sub-047,3088,3,ses-01,ThreeStimAuditoryOddball,events.tsv,ds003522/sub-047/ses-01/eeg/sub-047_ses-01_task-ThreeStimAuditoryOddball_events.tsv,27975,data\raw\ds003522\sub-047\ses-01\eeg\sub-047_ses-01_task-ThreeStimAuditoryOddball_events.tsv,DOWNLOADED,True,27975,True
ds003522,M87169117,sub-048,3004,3,ses-01,ThreeStimAuditoryOddball,channels.tsv,ds003522/sub-048/ses-01/eeg/sub-048_ses-01_task-ThreeStimAuditoryOddball_channels.tsv,769,data\raw\ds003522\sub-048\ses-01\eeg\sub-048_ses-01_task-ThreeStimAuditoryOddball_channels.tsv,DOWNLOADED,True,769,True
ds003522,M87169117,sub-048,3004,3,ses-01,ThreeStimAuditoryOddball,coordsystem.json,ds003522/sub-048/ses-01/eeg/sub-048_ses-01_task-ThreeStimAuditoryOddball_coordsystem.json,141,data\raw\ds003522\sub-048\ses-01\eeg\sub-048_ses-01_task-ThreeStimAuditoryOddball_coordsystem.json,DOWNLOADED,True,141,True
ds003522,M87169117,sub-048,3004,3,ses-01,ThreeStimAuditoryOddball,eeg.fdt,ds003522/sub-048/ses-01/eeg/sub-048_ses-01_task-ThreeStimAuditoryOddball_eeg.fdt,216872500,data\raw\ds003522\sub-048\ses-01\eeg\sub-048_ses-01_task-ThreeStimAuditoryOddball_eeg.fdt,DOWNLOADED,True,216872500,True
ds003522,M87169117,sub-048,3004,3,ses-01,ThreeStimAuditoryOddball,eeg.json,ds003522/sub-048/ses-01/eeg/sub-048_ses-01_task-ThreeStimAuditoryOddball_eeg.json,556,data\raw\ds003522\sub-048\ses-01\eeg\sub-048_ses-01_task-ThreeStimAuditoryOddball_eeg.json,DOWNLOADED,True,556,True
ds003522,M87169117,sub-048,3004,3,ses-01,ThreeStimAuditoryOddball,eeg.set,ds003522/sub-048/ses-01/eeg/sub-048_ses-01_task-ThreeStimAuditoryOddball_eeg.set,3866912,data\raw\ds003522\sub-048\ses-01\eeg\sub-048_ses-01_task-ThreeStimAuditoryOddball_eeg.set,DOWNLOADED,True,3866912,True
ds003522,M87169117,sub-048,3004,3,ses-01,ThreeStimAuditoryOddball,electrodes.tsv,ds003522/sub-048/ses-01/eeg/sub-048_ses-01_task-ThreeStimAuditoryOddball_electrodes.tsv,1460,data\raw\ds003522\sub-048\ses-01\eeg\sub-048_ses-01_task-ThreeStimAuditoryOddball_electrodes.tsv,DOWNLOADED,True,1460,True
ds003522,M87169117,sub-048,3004,3,ses-01,ThreeStimAuditoryOddball,events.json,ds003522/sub-048/ses-01/eeg/sub-048_ses-01_task-ThreeStimAuditoryOddball_events.json,137,data\raw\ds003522\sub-048\ses-01\eeg\sub-048_ses-01_task-ThreeStimAuditoryOddball_events.json,DOWNLOADED,True,137,True
ds003522,M87169117,sub-048,3004,3,ses-01,ThreeStimAuditoryOddball,events.tsv,ds003522/sub-048/ses-01/eeg/sub-048_ses-01_task-ThreeStimAuditoryOddball_events.tsv,28261,data\raw\ds003522\sub-048\ses-01\eeg\sub-048_ses-01_task-ThreeStimAuditoryOddball_events.tsv,DOWNLOADED,True,28261,True
ds003522,M87170213,sub-049,3018,1,ses-01,ThreeStimAuditoryOddball,channels.tsv,ds003522/sub-049/ses-01/eeg/sub-049_ses-01_task-ThreeStimAuditoryOddball_channels.tsv,769,data\raw\ds003522\sub-049\ses-01\eeg\sub-049_ses-01_task-ThreeStimAuditoryOddball_channels.tsv,DOWNLOADED,True,769,True
ds003522,M87170213,sub-049,3018,1,ses-01,ThreeStimAuditoryOddball,coordsystem.json,ds003522/sub-049/ses-01/eeg/sub-049_ses-01_task-ThreeStimAuditoryOddball_coordsystem.json,141,data\raw\ds003522\sub-049\ses-01\eeg\sub-049_ses-01_task-ThreeStimAuditoryOddball_coordsystem.json,DOWNLOADED,True,141,True
ds003522,M87170213,sub-049,3018,1,ses-01,ThreeStimAuditoryOddball,eeg.fdt,ds003522/sub-049/ses-01/eeg/sub-049_ses-01_task-ThreeStimAuditoryOddball_eeg.fdt,143455000,data\raw\ds003522\sub-049\ses-01\eeg\sub-049_ses-01_task-ThreeStimAuditoryOddball_eeg.fdt,DOWNLOADED,True,143455000,True
ds003522,M87170213,sub-049,3018,1,ses-01,ThreeStimAuditoryOddball,eeg.json,ds003522/sub-049/ses-01/eeg/sub-049_ses-01_task-ThreeStimAuditoryOddball_eeg.json,555,data\raw\ds003522\sub-049\ses-01\eeg\sub-049_ses-01_task-ThreeStimAuditoryOddball_eeg.json,DOWNLOADED,True,555,True
ds003522,M87170213,sub-049,3018,1,ses-01,ThreeStimAuditoryOddball,eeg.set,ds003522/sub-049/ses-01/eeg/sub-049_ses-01_task-ThreeStimAuditoryOddball_eeg.set,2737408,data\raw\ds003522\sub-049\ses-01\eeg\sub-049_ses-01_task-ThreeStimAuditoryOddball_eeg.set,DOWNLOADED,True,2737408,True
ds003522,M87170213,sub-049,3018,1,ses-01,ThreeStimAuditoryOddball,electrodes.tsv,ds003522/sub-049/ses-01/eeg/sub-049_ses-01_task-ThreeStimAuditoryOddball_electrodes.tsv,1460,data\raw\ds003522\sub-049\ses-01\eeg\sub-049_ses-01_task-ThreeStimAuditoryOddball_electrodes.tsv,DOWNLOADED,True,1460,True
ds003522,M87170213,sub-049,3018,1,ses-01,ThreeStimAuditoryOddball,events.json,ds003522/sub-049/ses-01/eeg/sub-049_ses-01_task-ThreeStimAuditoryOddball_events.json,137,data\raw\ds003522\sub-049\ses-01\eeg\sub-049_ses-01_task-ThreeStimAuditoryOddball_events.json,DOWNLOADED,True,137,True
ds003522,M87170213,sub-049,3018,1,ses-01,ThreeStimAuditoryOddball,events.tsv,ds003522/sub-049/ses-01/eeg/sub-049_ses-01_task-ThreeStimAuditoryOddball_events.tsv,27966,data\raw\ds003522\sub-049\ses-01\eeg\sub-049_ses-01_task-ThreeStimAuditoryOddball_events.tsv,DOWNLOADED,True,27966,True
ds003522,M87170788,sub-051,3028,4,ses-01,ThreeStimAuditoryOddball,channels.tsv,ds003522/sub-051/ses-01/eeg/sub-051_ses-01_task-ThreeStimAuditoryOddball_channels.tsv,769,data\raw\ds003522\sub-051\ses-01\eeg\sub-051_ses-01_task-ThreeStimAuditoryOddball_channels.tsv,DOWNLOADED,True,769,True
ds003522,M87170788,sub-051,3028,4,ses-01,ThreeStimAuditoryOddball,coordsystem.json,ds003522/sub-051/ses-01/eeg/sub-051_ses-01_task-ThreeStimAuditoryOddball_coordsystem.json,141,data\raw\ds003522\sub-051\ses-01\eeg\sub-051_ses-01_task-ThreeStimAuditoryOddball_coordsystem.json,DOWNLOADED,True,141,True
ds003522,M87170788,sub-051,3028,4,ses-01,ThreeStimAuditoryOddball,eeg.fdt,ds003522/sub-051/ses-01/eeg/sub-051_ses-01_task-ThreeStimAuditoryOddball_eeg.fdt,121491500,data\raw\ds003522\sub-051\ses-01\eeg\sub-051_ses-01_task-ThreeStimAuditoryOddball_eeg.fdt,DOWNLOADED,True,121491500,True
ds003522,M87170788,sub-051,3028,4,ses-01,ThreeStimAuditoryOddball,eeg.json,ds003522/sub-051/ses-01/eeg/sub-051_ses-01_task-ThreeStimAuditoryOddball_eeg.json,555,data\raw\ds003522\sub-051\ses-01\eeg\sub-051_ses-01_task-ThreeStimAuditoryOddball_eeg.json,DOWNLOADED,True,555,True
ds003522,M87170788,sub-051,3028,4,ses-01,ThreeStimAuditoryOddball,eeg.set,ds003522/sub-051/ses-01/eeg/sub-051_ses-01_task-ThreeStimAuditoryOddball_eeg.set,2399512,data\raw\ds003522\sub-051\ses-01\eeg\sub-051_ses-01_task-ThreeStimAuditoryOddball_eeg.set,DOWNLOADED,True,2399512,True
ds003522,M87170788,sub-051,3028,4,ses-01,ThreeStimAuditoryOddball,electrodes.tsv,ds003522/sub-051/ses-01/eeg/sub-051_ses-01_task-ThreeStimAuditoryOddball_electrodes.tsv,1460,data\raw\ds003522\sub-051\ses-01\eeg\sub-051_ses-01_task-ThreeStimAuditoryOddball_electrodes.tsv,DOWNLOADED,True,1460,True
ds003522,M87170788,sub-051,3028,4,ses-01,ThreeStimAuditoryOddball,events.json,ds003522/sub-051/ses-01/eeg/sub-051_ses-01_task-ThreeStimAuditoryOddball_events.json,137,data\raw\ds003522\sub-051\ses-01\eeg\sub-051_ses-01_task-ThreeStimAuditoryOddball_events.json,DOWNLOADED,True,137,True
ds003522,M87170788,sub-051,3028,4,ses-01,ThreeStimAuditoryOddball,events.tsv,ds003522/sub-051/ses-01/eeg/sub-051_ses-01_task-ThreeStimAuditoryOddball_events.tsv,27909,data\raw\ds003522\sub-051\ses-01\eeg\sub-051_ses-01_task-ThreeStimAuditoryOddball_events.tsv,DOWNLOADED,True,27909,True
ds003522,M87171657,sub-052,3024,2,ses-01,ThreeStimAuditoryOddball,channels.tsv,ds003522/sub-052/ses-01/eeg/sub-052_ses-01_task-ThreeStimAuditoryOddball_channels.tsv,769,data\raw\ds003522\sub-052\ses-01\eeg\sub-052_ses-01_task-ThreeStimAuditoryOddball_channels.tsv,DOWNLOADED,True,769,True
ds003522,M87171657,sub-052,3024,2,ses-01,ThreeStimAuditoryOddball,coordsystem.json,ds003522/sub-052/ses-01/eeg/sub-052_ses-01_task-ThreeStimAuditoryOddball_coordsystem.json,141,data\raw\ds003522\sub-052\ses-01\eeg\sub-052_ses-01_task-ThreeStimAuditoryOddball_coordsystem.json,DOWNLOADED,True,141,True
ds003522,M87171657,sub-052,3024,2,ses-01,ThreeStimAuditoryOddball,eeg.fdt,ds003522/sub-052/ses-01/eeg/sub-052_ses-01_task-ThreeStimAuditoryOddball_eeg.fdt,136831500,data\raw\ds003522\sub-052\ses-01\eeg\sub-052_ses-01_task-ThreeStimAuditoryOddball_eeg.fdt,DOWNLOADED,True,136831500,True
ds003522,M87171657,sub-052,3024,2,ses-01,ThreeStimAuditoryOddball,eeg.json,ds003522/sub-052/ses-01/eeg/sub-052_ses-01_task-ThreeStimAuditoryOddball_eeg.json,556,data\raw\ds003522\sub-052\ses-01\eeg\sub-052_ses-01_task-ThreeStimAuditoryOddball_eeg.json,DOWNLOADED,True,556,True
ds003522,M87171657,sub-052,3024,2,ses-01,ThreeStimAuditoryOddball,eeg.set,ds003522/sub-052/ses-01/eeg/sub-052_ses-01_task-ThreeStimAuditoryOddball_eeg.set,2635512,data\raw\ds003522\sub-052\ses-01\eeg\sub-052_ses-01_task-ThreeStimAuditoryOddball_eeg.set,DOWNLOADED,True,2635512,True
ds003522,M87171657,sub-052,3024,2,ses-01,ThreeStimAuditoryOddball,electrodes.tsv,ds003522/sub-052/ses-01/eeg/sub-052_ses-01_task-ThreeStimAuditoryOddball_electrodes.tsv,1460,data\raw\ds003522\sub-052\ses-01\eeg\sub-052_ses-01_task-ThreeStimAuditoryOddball_electrodes.tsv,DOWNLOADED,True,1460,True
ds003522,M87171657,sub-052,3024,2,ses-01,ThreeStimAuditoryOddball,events.json,ds003522/sub-052/ses-01/eeg/sub-052_ses-01_task-ThreeStimAuditoryOddball_events.json,137,data\raw\ds003522\sub-052\ses-01\eeg\sub-052_ses-01_task-ThreeStimAuditoryOddball_events.json,DOWNLOADED,True,137,True
ds003522,M87171657,sub-052,3024,2,ses-01,ThreeStimAuditoryOddball,events.tsv,ds003522/sub-052/ses-01/eeg/sub-052_ses-01_task-ThreeStimAuditoryOddball_events.tsv,27961,data\raw\ds003522\sub-052\ses-01\eeg\sub-052_ses-01_task-ThreeStimAuditoryOddball_events.tsv,DOWNLOADED,True,27961,True
ds003522,M87177336,sub-054,3062,1,ses-01,ThreeStimAuditoryOddball,channels.tsv,ds003522/sub-054/ses-01/eeg/sub-054_ses-01_task-ThreeStimAuditoryOddball_channels.tsv,769,data\raw\ds003522\sub-054\ses-01\eeg\sub-054_ses-01_task-ThreeStimAuditoryOddball_channels.tsv,DOWNLOADED,True,769,True
ds003522,M87177336,sub-054,3062,1,ses-01,ThreeStimAuditoryOddball,coordsystem.json,ds003522/sub-054/ses-01/eeg/sub-054_ses-01_task-ThreeStimAuditoryOddball_coordsystem.json,141,data\raw\ds003522\sub-054\ses-01\eeg\sub-054_ses-01_task-ThreeStimAuditoryOddball_coordsystem.json,DOWNLOADED,True,141,True
ds003522,M87177336,sub-054,3062,1,ses-01,ThreeStimAuditoryOddball,eeg.fdt,ds003522/sub-054/ses-01/eeg/sub-054_ses-01_task-ThreeStimAuditoryOddball_eeg.fdt,121888000,data\raw\ds003522\sub-054\ses-01\eeg\sub-054_ses-01_task-ThreeStimAuditoryOddball_eeg.fdt,DOWNLOADED,True,121888000,True
ds003522,M87177336,sub-054,3062,1,ses-01,ThreeStimAuditoryOddball,eeg.json,ds003522/sub-054/ses-01/eeg/sub-054_ses-01_task-ThreeStimAuditoryOddball_eeg.json,554,data\raw\ds003522\sub-054\ses-01\eeg\sub-054_ses-01_task-ThreeStimAuditoryOddball_eeg.json,DOWNLOADED,True,554,True
ds003522,M87177336,sub-054,3062,1,ses-01,ThreeStimAuditoryOddball,eeg.set,ds003522/sub-054/ses-01/eeg/sub-054_ses-01_task-ThreeStimAuditoryOddball_eeg.set,2405608,data\raw\ds003522\sub-054\ses-01\eeg\sub-054_ses-01_task-ThreeStimAuditoryOddball_eeg.set,DOWNLOADED,True,2405608,True
ds003522,M87177336,sub-054,3062,1,ses-01,ThreeStimAuditoryOddball,electrodes.tsv,ds003522/sub-054/ses-01/eeg/sub-054_ses-01_task-ThreeStimAuditoryOddball_electrodes.tsv,1460,data\raw\ds003522\sub-054\ses-01\eeg\sub-054_ses-01_task-ThreeStimAuditoryOddball_electrodes.tsv,DOWNLOADED,True,1460,True
ds003522,M87177336,sub-054,3062,1,ses-01,ThreeStimAuditoryOddball,events.json,ds003522/sub-054/ses-01/eeg/sub-054_ses-01_task-ThreeStimAuditoryOddball_events.json,137,data\raw\ds003522\sub-054\ses-01\eeg\sub-054_ses-01_task-ThreeStimAuditoryOddball_events.json,DOWNLOADED,True,137,True
ds003522,M87177336,sub-054,3062,1,ses-01,ThreeStimAuditoryOddball,events.tsv,ds003522/sub-054/ses-01/eeg/sub-054_ses-01_task-ThreeStimAuditoryOddball_events.tsv,27909,data\raw\ds003522\sub-054\ses-01\eeg\sub-054_ses-01_task-ThreeStimAuditoryOddball_events.tsv,DOWNLOADED,True,27909,True
ds003522,M87179250,sub-055,3080,1,ses-01,ThreeStimAuditoryOddball,channels.tsv,ds003522/sub-055/ses-01/eeg/sub-055_ses-01_task-ThreeStimAuditoryOddball_channels.tsv,769,data\raw\ds003522\sub-055\ses-01\eeg\sub-055_ses-01_task-ThreeStimAuditoryOddball_channels.tsv,DOWNLOADED,True,769,True
ds003522,M87179250,sub-055,3080,1,ses-01,ThreeStimAuditoryOddball,coordsystem.json,ds003522/sub-055/ses-01/eeg/sub-055_ses-01_task-ThreeStimAuditoryOddball_coordsystem.json,141,data\raw\ds003522\sub-055\ses-01\eeg\sub-055_ses-01_task-ThreeStimAuditoryOddball_coordsystem.json,DOWNLOADED,True,141,True
ds003522,M87179250,sub-055,3080,1,ses-01,ThreeStimAuditoryOddball,eeg.fdt,ds003522/sub-055/ses-01/eeg/sub-055_ses-01_task-ThreeStimAuditoryOddball_eeg.fdt,151970000,data\raw\ds003522\sub-055\ses-01\eeg\sub-055_ses-01_task-ThreeStimAuditoryOddball_eeg.fdt,DOWNLOADED,True,151970000,True
ds003522,M87179250,sub-055,3080,1,ses-01,ThreeStimAuditoryOddball,eeg.json,ds003522/sub-055/ses-01/eeg/sub-055_ses-01_task-ThreeStimAuditoryOddball_eeg.json,553,data\raw\ds003522\sub-055\ses-01\eeg\sub-055_ses-01_task-ThreeStimAuditoryOddball_eeg.json,DOWNLOADED,True,553,True
ds003522,M87179250,sub-055,3080,1,ses-01,ThreeStimAuditoryOddball,eeg.set,ds003522/sub-055/ses-01/eeg/sub-055_ses-01_task-ThreeStimAuditoryOddball_eeg.set,2868408,data\raw\ds003522\sub-055\ses-01\eeg\sub-055_ses-01_task-ThreeStimAuditoryOddball_eeg.set,DOWNLOADED,True,2868408,True
ds003522,M87179250,sub-055,3080,1,ses-01,ThreeStimAuditoryOddball,electrodes.tsv,ds003522/sub-055/ses-01/eeg/sub-055_ses-01_task-ThreeStimAuditoryOddball_electrodes.tsv,1460,data\raw\ds003522\sub-055\ses-01\eeg\sub-055_ses-01_task-ThreeStimAuditoryOddball_electrodes.tsv,DOWNLOADED,True,1460,True
ds003522,M87179250,sub-055,3080,1,ses-01,ThreeStimAuditoryOddball,events.json,ds003522/sub-055/ses-01/eeg/sub-055_ses-01_task-ThreeStimAuditoryOddball_events.json,137,data\raw\ds003522\sub-055\ses-01\eeg\sub-055_ses-01_task-ThreeStimAuditoryOddball_events.json,DOWNLOADED,True,137,True
ds003522,M87179250,sub-055,3080,1,ses-01,ThreeStimAuditoryOddball,events.tsv,ds003522/sub-055/ses-01/eeg/sub-055_ses-01_task-ThreeStimAuditoryOddball_events.tsv,28040,data\raw\ds003522\sub-055\ses-01\eeg\sub-055_ses-01_task-ThreeStimAuditoryOddball_events.tsv,DOWNLOADED,True,28040,True
ds003522,M87182130,sub-057,3026,0,ses-01,ThreeStimAuditoryOddball,channels.tsv,ds003522/sub-057/ses-01/eeg/sub-057_ses-01_task-ThreeStimAuditoryOddball_channels.tsv,769,data\raw\ds003522\sub-057\ses-01\eeg\sub-057_ses-01_task-ThreeStimAuditoryOddball_channels.tsv,DOWNLOADED,True,769,True
ds003522,M87182130,sub-057,3026,0,ses-01,ThreeStimAuditoryOddball,coordsystem.json,ds003522/sub-057/ses-01/eeg/sub-057_ses-01_task-ThreeStimAuditoryOddball_coordsystem.json,141,data\raw\ds003522\sub-057\ses-01\eeg\sub-057_ses-01_task-ThreeStimAuditoryOddball_coordsystem.json,DOWNLOADED,True,141,True
ds003522,M87182130,sub-057,3026,0,ses-01,ThreeStimAuditoryOddball,eeg.fdt,ds003522/sub-057/ses-01/eeg/sub-057_ses-01_task-ThreeStimAuditoryOddball_eeg.fdt,142428000,data\raw\ds003522\sub-057\ses-01\eeg\sub-057_ses-01_task-ThreeStimAuditoryOddball_eeg.fdt,DOWNLOADED,True,142428000,True
ds003522,M87182130,sub-057,3026,0,ses-01,ThreeStimAuditoryOddball,eeg.json,ds003522/sub-057/ses-01/eeg/sub-057_ses-01_task-ThreeStimAuditoryOddball_eeg.json,555,data\raw\ds003522\sub-057\ses-01\eeg\sub-057_ses-01_task-ThreeStimAuditoryOddball_eeg.json,DOWNLOADED,True,555,True
ds003522,M87182130,sub-057,3026,0,ses-01,ThreeStimAuditoryOddball,eeg.set,ds003522/sub-057/ses-01/eeg/sub-057_ses-01_task-ThreeStimAuditoryOddball_eeg.set,2721608,data\raw\ds003522\sub-057\ses-01\eeg\sub-057_ses-01_task-ThreeStimAuditoryOddball_eeg.set,DOWNLOADED,True,2721608,True
ds003522,M87182130,sub-057,3026,0,ses-01,ThreeStimAuditoryOddball,electrodes.tsv,ds003522/sub-057/ses-01/eeg/sub-057_ses-01_task-ThreeStimAuditoryOddball_electrodes.tsv,1460,data\raw\ds003522\sub-057\ses-01\eeg\sub-057_ses-01_task-ThreeStimAuditoryOddball_electrodes.tsv,DOWNLOADED,True,1460,True
ds003522,M87182130,sub-057,3026,0,ses-01,ThreeStimAuditoryOddball,events.json,ds003522/sub-057/ses-01/eeg/sub-057_ses-01_task-ThreeStimAuditoryOddball_events.json,137,data\raw\ds003522\sub-057\ses-01\eeg\sub-057_ses-01_task-ThreeStimAuditoryOddball_events.json,DOWNLOADED,True,137,True
ds003522,M87182130,sub-057,3026,0,ses-01,ThreeStimAuditoryOddball,events.tsv,ds003522/sub-057/ses-01/eeg/sub-057_ses-01_task-ThreeStimAuditoryOddball_events.tsv,27953,data\raw\ds003522\sub-057\ses-01\eeg\sub-057_ses-01_task-ThreeStimAuditoryOddball_events.tsv,DOWNLOADED,True,27953,True
ds003522,M87182508,sub-058,3048,4,ses-01,ThreeStimAuditoryOddball,channels.tsv,ds003522/sub-058/ses-01/eeg/sub-058_ses-01_task-ThreeStimAuditoryOddball_channels.tsv,769,data\raw\ds003522\sub-058\ses-01\eeg\sub-058_ses-01_task-ThreeStimAuditoryOddball_channels.tsv,DOWNLOADED,True,769,True
ds003522,M87182508,sub-058,3048,4,ses-01,ThreeStimAuditoryOddball,coordsystem.json,ds003522/sub-058/ses-01/eeg/sub-058_ses-01_task-ThreeStimAuditoryOddball_coordsystem.json,141,data\raw\ds003522\sub-058\ses-01\eeg\sub-058_ses-01_task-ThreeStimAuditoryOddball_coordsystem.json,DOWNLOADED,True,141,True
ds003522,M87182508,sub-058,3048,4,ses-01,ThreeStimAuditoryOddball,eeg.fdt,ds003522/sub-058/ses-01/eeg/sub-058_ses-01_task-ThreeStimAuditoryOddball_eeg.fdt,134459000,data\raw\ds003522\sub-058\ses-01\eeg\sub-058_ses-01_task-ThreeStimAuditoryOddball_eeg.fdt,DOWNLOADED,True,134459000,True
ds003522,M87182508,sub-058,3048,4,ses-01,ThreeStimAuditoryOddball,eeg.json,ds003522/sub-058/ses-01/eeg/sub-058_ses-01_task-ThreeStimAuditoryOddball_eeg.json,555,data\raw\ds003522\sub-058\ses-01\eeg\sub-058_ses-01_task-ThreeStimAuditoryOddball_eeg.json,DOWNLOADED,True,555,True
ds003522,M87182508,sub-058,3048,4,ses-01,ThreeStimAuditoryOddball,eeg.set,ds003522/sub-058/ses-01/eeg/sub-058_ses-01_task-ThreeStimAuditoryOddball_eeg.set,2599008,data\raw\ds003522\sub-058\ses-01\eeg\sub-058_ses-01_task-ThreeStimAuditoryOddball_eeg.set,DOWNLOADED,True,2599008,True
ds003522,M87182508,sub-058,3048,4,ses-01,ThreeStimAuditoryOddball,electrodes.tsv,ds003522/sub-058/ses-01/eeg/sub-058_ses-01_task-ThreeStimAuditoryOddball_electrodes.tsv,1460,data\raw\ds003522\sub-058\ses-01\eeg\sub-058_ses-01_task-ThreeStimAuditoryOddball_electrodes.tsv,DOWNLOADED,True,1460,True
ds003522,M87182508,sub-058,3048,4,ses-01,ThreeStimAuditoryOddball,events.json,ds003522/sub-058/ses-01/eeg/sub-058_ses-01_task-ThreeStimAuditoryOddball_events.json,137,data\raw\ds003522\sub-058\ses-01\eeg\sub-058_ses-01_task-ThreeStimAuditoryOddball_events.json,DOWNLOADED,True,137,True
ds003522,M87182508,sub-058,3048,4,ses-01,ThreeStimAuditoryOddball,events.tsv,ds003522/sub-058/ses-01/eeg/sub-058_ses-01_task-ThreeStimAuditoryOddball_events.tsv,27926,data\raw\ds003522\sub-058\ses-01\eeg\sub-058_ses-01_task-ThreeStimAuditoryOddball_events.tsv,DOWNLOADED,True,27926,True
ds003522,M87189125,sub-065,3056,4,ses-01,ThreeStimAuditoryOddball,channels.tsv,ds003522/sub-065/ses-01/eeg/sub-065_ses-01_task-ThreeStimAuditoryOddball_channels.tsv,769,data\raw\ds003522\sub-065\ses-01\eeg\sub-065_ses-01_task-ThreeStimAuditoryOddball_channels.tsv,DOWNLOADED,True,769,True
ds003522,M87189125,sub-065,3056,4,ses-01,ThreeStimAuditoryOddball,coordsystem.json,ds003522/sub-065/ses-01/eeg/sub-065_ses-01_task-ThreeStimAuditoryOddball_coordsystem.json,141,data\raw\ds003522\sub-065\ses-01\eeg\sub-065_ses-01_task-ThreeStimAuditoryOddball_coordsystem.json,DOWNLOADED,True,141,True
ds003522,M87189125,sub-065,3056,4,ses-01,ThreeStimAuditoryOddball,eeg.fdt,ds003522/sub-065/ses-01/eeg/sub-065_ses-01_task-ThreeStimAuditoryOddball_eeg.fdt,140348000,data\raw\ds003522\sub-065\ses-01\eeg\sub-065_ses-01_task-ThreeStimAuditoryOddball_eeg.fdt,DOWNLOADED,True,140348000,True
ds003522,M87189125,sub-065,3056,4,ses-01,ThreeStimAuditoryOddball,eeg.json,ds003522/sub-065/ses-01/eeg/sub-065_ses-01_task-ThreeStimAuditoryOddball_eeg.json,555,data\raw\ds003522\sub-065\ses-01\eeg\sub-065_ses-01_task-ThreeStimAuditoryOddball_eeg.json,DOWNLOADED,True,555,True
ds003522,M87189125,sub-065,3056,4,ses-01,ThreeStimAuditoryOddball,eeg.set,ds003522/sub-065/ses-01/eeg/sub-065_ses-01_task-ThreeStimAuditoryOddball_eeg.set,2689608,data\raw\ds003522\sub-065\ses-01\eeg\sub-065_ses-01_task-ThreeStimAuditoryOddball_eeg.set,DOWNLOADED,True,2689608,True
ds003522,M87189125,sub-065,3056,4,ses-01,ThreeStimAuditoryOddball,electrodes.tsv,ds003522/sub-065/ses-01/eeg/sub-065_ses-01_task-ThreeStimAuditoryOddball_electrodes.tsv,1460,data\raw\ds003522\sub-065\ses-01\eeg\sub-065_ses-01_task-ThreeStimAuditoryOddball_electrodes.tsv,DOWNLOADED,True,1460,True
ds003522,M87189125,sub-065,3056,4,ses-01,ThreeStimAuditoryOddball,events.json,ds003522/sub-065/ses-01/eeg/sub-065_ses-01_task-ThreeStimAuditoryOddball_events.json,137,data\raw\ds003522\sub-065\ses-01\eeg\sub-065_ses-01_task-ThreeStimAuditoryOddball_events.json,DOWNLOADED,True,137,True
ds003522,M87189125,sub-065,3056,4,ses-01,ThreeStimAuditoryOddball,events.tsv,ds003522/sub-065/ses-01/eeg/sub-065_ses-01_task-ThreeStimAuditoryOddball_events.tsv,27990,data\raw\ds003522\sub-065\ses-01\eeg\sub-065_ses-01_task-ThreeStimAuditoryOddball_events.tsv,DOWNLOADED,True,27990,True
ds003522,M87192041,sub-068,3084,3,ses-01,ThreeStimAuditoryOddball,channels.tsv,ds003522/sub-068/ses-01/eeg/sub-068_ses-01_task-ThreeStimAuditoryOddball_channels.tsv,769,data\raw\ds003522\sub-068\ses-01\eeg\sub-068_ses-01_task-ThreeStimAuditoryOddball_channels.tsv,DOWNLOADED,True,769,True
ds003522,M87192041,sub-068,3084,3,ses-01,ThreeStimAuditoryOddball,coordsystem.json,ds003522/sub-068/ses-01/eeg/sub-068_ses-01_task-ThreeStimAuditoryOddball_coordsystem.json,141,data\raw\ds003522\sub-068\ses-01\eeg\sub-068_ses-01_task-ThreeStimAuditoryOddball_coordsystem.json,DOWNLOADED,True,141,True
ds003522,M87192041,sub-068,3084,3,ses-01,ThreeStimAuditoryOddball,eeg.fdt,ds003522/sub-068/ses-01/eeg/sub-068_ses-01_task-ThreeStimAuditoryOddball_eeg.fdt,149961500,data\raw\ds003522\sub-068\ses-01\eeg\sub-068_ses-01_task-ThreeStimAuditoryOddball_eeg.fdt,DOWNLOADED,True,149961500,True
ds003522,M87192041,sub-068,3084,3,ses-01,ThreeStimAuditoryOddball,eeg.json,ds003522/sub-068/ses-01/eeg/sub-068_ses-01_task-ThreeStimAuditoryOddball_eeg.json,556,data\raw\ds003522\sub-068\ses-01\eeg\sub-068_ses-01_task-ThreeStimAuditoryOddball_eeg.json,DOWNLOADED,True,556,True
ds003522,M87192041,sub-068,3084,3,ses-01,ThreeStimAuditoryOddball,eeg.set,ds003522/sub-068/ses-01/eeg/sub-068_ses-01_task-ThreeStimAuditoryOddball_eeg.set,2837512,data\raw\ds003522\sub-068\ses-01\eeg\sub-068_ses-01_task-ThreeStimAuditoryOddball_eeg.set,DOWNLOADED,True,2837512,True
ds003522,M87192041,sub-068,3084,3,ses-01,ThreeStimAuditoryOddball,electrodes.tsv,ds003522/sub-068/ses-01/eeg/sub-068_ses-01_task-ThreeStimAuditoryOddball_electrodes.tsv,1460,data\raw\ds003522\sub-068\ses-01\eeg\sub-068_ses-01_task-ThreeStimAuditoryOddball_electrodes.tsv,DOWNLOADED,True,1460,True
ds003522,M87192041,sub-068,3084,3,ses-01,ThreeStimAuditoryOddball,events.json,ds003522/sub-068/ses-01/eeg/sub-068_ses-01_task-ThreeStimAuditoryOddball_events.json,137,data\raw\ds003522\sub-068\ses-01\eeg\sub-068_ses-01_task-ThreeStimAuditoryOddball_events.json,DOWNLOADED,True,137,True
ds003522,M87192041,sub-068,3084,3,ses-01,ThreeStimAuditoryOddball,events.tsv,ds003522/sub-068/ses-01/eeg/sub-068_ses-01_task-ThreeStimAuditoryOddball_events.tsv,28041,data\raw\ds003522\sub-068\ses-01\eeg\sub-068_ses-01_task-ThreeStimAuditoryOddball_events.tsv,DOWNLOADED,True,28041,True
